"switch_1","switch_2","switch_3","switch_4","switch_5","switch_6","switch_7","switch_8","switch_9","transient_1","transient_2"
0,6.58490135561552,0,6.27254050539245,12.3462591282241,3.37150612595622,2.71210365102064,2.62492242033512,10.0399224559747,0,0
7.2615849560954,9.76614733333549,6.90237123820364,0,0,0,0,0,0,0,0
4.60583547423723,1.45283809093237,0,8.15747017852256,14.5508126993982,6.78990043961026,9.76227275219911,9.12568054273098,8.99946240810624,0,4.83645113936032
4.62545680978231,1.8127524226302,0,9.87859348680412,14.477409301554,0,12.1753864686265,9.4906037452646,4.127167167754,0,5.68775976799984
6.54343477418737,8.58466009696151,7.74226404654268,0,0,0,0,0,0,0,0
7.56789070948965,8.43925399357629,6.62197774493437,0,0,0,0,0,0,0,0
2.12994322804203,1.43224766007807,0,0.496670221831383,2.50591429284964,4.102914562593,4.28712807153657,0,4.99448038447728,0,6.21547474565608
2.76278885817385,0,0,8.94215488104758,14.5481475637647,6.00209020490447,9.73437148226451,6.56672021587554,6.49967019715537,0,5.39052789089841
3.70866898699635,0.87526264538733,0,7.67227708301461,13.3829164812276,5.97387333092996,10.1470792640622,10.409643474714,7.19080600721943,0,6.99673769028197
3.64472815276413,0.811204857187953,0,10.1447618071777,14.472213480143,7.30330938028454,10.5302678194779,10.6561135495406,10.4434352475944,0,0
8.59141001953664,9.65482685462343,2.98670052774192,7.70861675058693,3.10816745579473,0,0,0,0,0,0
3.44259934867781,2.20884982390107,0,8.7174937367252,12.312710994772,6.50397400587031,5.94978932477844,6.39863136333159,7.40866736499732,0,0
8.40721981157246,7.45879638994779,0,7.10569171337839,0,0,0,1.25241063175393,0,7.21107250728491,4.43286467579764
2.44968995512901,1.30173773071833,0,8.40238660136558,14.5622934003968,3.59458163147212,9.31364262687619,6.2056054967488,9.14492463183377,0,5.58413146464491
7.4576134450698,9.36636106096152,6.46933799189471,0,0,0,0,1.26126251347866,0,0,0
2.87772639234485,0.82636028627526,0,8.18734594555535,8.21887451553558,4.13093029645926,6.05260204208637,10.2546958938215,8.48876790012659,0,0
6.35541492406434,8.33295908031185,5.15291667498007,0,0,0,0,0,0,0,0
8.11425549513314,6.00808405636329,0,7.77429584512472,0,0,0,0,0,3.21418132053997,6.29240591810258
7.78128313083265,8.45709062197948,1.26436792054192,6.75530439617822,0,3.09373610629327,0,0,1.59978590899133,0,5.09877091596558
6.24301915829307,2.30683421566329,0,9.54460319580947,12.2560403910419,2.15736746991724,0,0,4.29097976542071,0,2.04594706002923
9.12943871682712,8.42655590121361,1.78581954349918,8.71007922732789,6.96827305685186,0,0,0,0,0,2.03837004020647
7.86995088924089,7.33831656890456,0,8.42944078783384,0,0,0,0.814300438560288,0,1.54216762132942,3.30255528395033
10.0396856526028,10.9591150425309,7.6509397649193,7.3050368605021,2.2694725354495,1.55301932073212,0,0,0,0,0
8.31804274735837,9.00576677892671,6.10128894018624,0,0,0,0,0.887956699630878,0,0,0
5.48009827713378,0,0,8.24830723930753,11.329550757218,3.36826010751969,4.45969232516461,0,1.79892032308789,0,0
5.44066509661905,3.41319525508888,0,9.09826293740085,13.8541644661237,7.0942644105435,9.49040717261285,9.98635941395158,8.56037015043418,0,0
4.17836467395237,1.81881360634647,0,9.74506938046895,14.2784457178876,8.65826196739824,10.4490340863543,8.59145001510583,3.85807454764934,0,0
5.56363819839206,2.36292566867102,0,5.83765832890468,13.4917558885271,6.50114293850489,0,1.38562865055582,1.73274569286689,0,5.11219887422555
5.28052085327035,3.34347821597007,0,9.01339545002386,14.6309798457129,8.53365875877206,11.5160767647854,9.2437100846073,10.5354050527325,0,0
4.86594455908151,2.04597430093356,0,7.97307277646123,13.9300058761548,7.23830571155009,10.3089084636391,9.06100643059142,8.54008147199292,0,0
8.63802433106836,8.68397824085748,4.80414227970486,0,0,0,0,0,0,0,0
4.21278049977199,0.455856644225913,0,8.42918966339833,12.7838944631904,7.44210884872674,4.32651086804488,0,4.02532915895309,0,2.82409817650702
8.29399973418594,9.88939133127913,5.67739878955122,0,0,0,0,0,0,0,0
9.69923621756527,9.13075645819793,3.21191115626955,3.64411833058546,4.51961364329453,0,0,0,0,1.23001005614351,2.3706683921611
3.02120033697337,0.234059398249954,3.62526557623281,7.92649136307454,11.9807455326065,4.59897031782935,2.57379175469616,0,5.9431668242213,2.37043575234172,4.64316556423437
2.93756184595429,6.30448807503805,0,9.05947640456934,8.32584808437165,6.24130097068902,0,3.44525290173424,7.59221920053692,0,0
6.94423002203195,7.40122861179471,0,8.28043256699515,0,1.50873896886615,0,0,0,6.97593788431992,5.41350044682057
6.31508789934942,8.72889987835128,2.80566288192714,0,0,0,0,0.426418478451286,0,0,1.90520343095181
4.4005413107221,3.52530413557067,0,8.91927982604761,14.2980840997127,8.40307053786197,6.03512253428996,9.30432201998096,7.01962800035606,0,3.86900395831434
4.74690874834885,2.10176827504526,0,8.1827826852243,10.1976218610741,4.94579855735126,4.69902939705082,0,3.00479960029335,6.19923616732395,6.17214086221543
4.6028833935754,0,0,7.63556041787401,9.39287627700614,5.75724267236477,0,0.422780400416174,5.24961524336607,0,1.40441844816888
3.82615719529922,1.54999911374886,0,7.40054517048835,12.3404385934822,6.10194524548631,6.79918414137526,10.3214371318498,6.75617185028918,0,0
2.82123095760711,1.23086718785016,0,7.80973988379739,13.0932831255248,0,11.3445909657176,4.58791429026763,6.66250398914122,0,0
7.51285182886444,8.84273496594425,5.35451197169226,0,0,0,0,0,0,0,0
5.35878637960124,3.30568316727544,0,7.59409115376411,15.2937143658796,4.18003550897244,10.8966230971241,9.18721343791412,8.94757435582619,0,0
8.56126378836552,8.7265007902317,5.25527149512818,0,0,0,0,0,0,0,0
7.67396655320769,8.83127387521742,0,9.10784799832251,10.0112711319785,6.81773567294198,0,0,1.10854036600209,2.39896195468907,1.21430652389976
4.62068730649177,3.4994509617776,0,8.20411427579706,13.9536107241167,5.23509411621458,8.08032435888234,11.0890825900952,8.19846540942472,0,2.63769348392282
9.56594100158975,7.37859690448686,4.53045175945694,7.31990792694067,0,0,0,0,0,0.0920642132119356,8.10052475910167
6.20928251221391,0,0,6.72762184669231,11.1860547453171,5.11571749494837,0,0,0,0,2.07652750318385
3.92450558731883,2.11532225226894,0,9.01491553061033,11.2624786115855,3.66316885497849,0,0,4.92511817273551,0,4.12179933606612
4.70881327727625,3.47264073550586,0,9.14883287972834,11.9941684175904,5.03462886059311,0,0.432107023037379,4.4394459106418,0,2.62274557744615
3.05615452150642,4.538288196274,0,0,5.81820916778477,4.84243293814369,0,0,0,0,0
5.08286223098117,1.32074484943773,0,8.8985461299864,13.3711292783629,5.37478965421043,0,0,6.64628911577278,0,2.64494071909461
5.33517692499536,1.59885834597655,0,7.81277467171734,13.5232400799334,5.61528531343175,4.79249001729905,0,0,0,1.9270537879513
9.4714755107317,8.47435345969483,0.638295868386607,7.67098978938484,0,0,0,0,0,4.8133134879781,1.05449601360973
8.21026375388768,5.92923438733381,0,7.94092511814828,0,0,0,0,0,6.34909247265623,6.45937707210738
7.58056392781172,4.09017321503311,0,7.50023106941386,4.00087864344835,4.47392057221893,0,0,0,3.43094891504705,5.56495533622843
4.04184189811404,2.13497682710516,0,9.49322734784462,13.3733196462848,7.48845689378778,0,1.0963432348214,1.07842611090733,0.938636049688398,4.02043885199465
10.0278314484328,5.17447553915471,5.8103428081045,3.98918506307753,1.6113228269766,0,0,0,0,0,2.83481987051249
2.45862213429431,1.86070680207426,0,6.23186832670369,15.609816237115,7.31894998147236,5.14243754088566,10.1917436766868,9.81806118139092,0,0
5.03971278966007,0.617577304877049,0,8.73386121866401,10.749120929599,6.09940888829572,0,0,2.93783484788447,0,4.60898591975167
8.1604687405231,8.46689570790229,0,7.57583014445626,0,3.46140949007343,0,0,0,3.55871078256087,6.21899350131423
5.01354445719034,2.57581352792645,0,8.52798763133046,12.8184908417678,5.80409320225216,2.28391500767486,8.84894850747036,7.70830386206729,0,0
6.05830248666363,8.94592094845327,6.1216428253849,0,0,0,0,0,0,0,0
3.71825970280728,2.60990309329874,0,7.8679703418306,10.7300580900747,0,1.00341917501403,9.93454651918007,1.24212028725738,0,1.3012322487894
3.14614549555529,2.14834575470121,0,9.86216826301525,13.2089507012103,4.67666365277561,12.1535386699284,9.76173488872877,5.37709832043338,0,8.88237868098537
8.59799117755478,1.51109333944569,1.68370098693748,5.26964446695819,2.65845672488316,2.07256406102412,0,0,0,5.0179175961201,5.81995399002588
2.61238639447944,1.11301197095523,0,7.23749989491747,11.402498688727,7.64570216401924,2.55733325158805,1.18833105043356,0.925522858435501,0,0
8.67587638220052,7.89005304113334,3.16262206885073,8.69168071447462,0,0,0,0,3.14327235429156,4.39240130631387,5.16401393783544
8.35713684326731,7.94556873341252,7.11993023393411,5.66782830837432,1.57637374438893,0,0,0,0,1.42089693481847,2.85862069989033
4.94955005134696,2.71137659712292,0,8.51529935492936,13.3799886784952,6.02285755649209,11.2116171336495,5.41138219842368,4.06049528473726,0,4.35149244448952
8.2671919283145,9.51370172708911,10.0320901397185,5.72150950751626,2.27977511720861,0,0,0,0,0,1.62780061616723
4.18868235857232,0.808852120701304,0,7.82700310401931,12.329198102295,5.83048003246685,1.34185823422782,0,0,0,2.64341615401883
6.15150817970923,1.89029883159346,0,8.48050612411157,14.1056808925788,5.51575941393967,3.36446253038792,7.08807208542664,4.52293675567716,0,5.22055191943976
4.49641861368205,2.1535069699671,0,9.35105001644656,15.7163014577072,4.41930634875817,6.87758116819027,10.5247978876811,10.6182636682655,0,0
5.6729746026705,2.94820335504599,0,9.65020216456673,14.3588137763547,6.95589055925276,13.2954757316707,11.3805450704676,8.06362917100045,0,0
8.74602467344934,11.3948427708478,3.15715104150361,3.61535383124344,2.47005575333652,0,0,0,1.24887355316913,0,9.07963969740841
8.09058070452831,10.5544414254837,11.1432991491139,4.1069240883149,3.37380054290825,0,0,0,0,0,4.88347542448628
3.11337997035521,0,0,4.96207305917252,12.7467969194024,6.92497406955835,11.7943785058763,8.04140356828151,10.1838813482798,0,0
4.89582689287702,2.21222147801187,0,7.98381063074728,14.134931337108,6.34234023327399,8.41563228425181,9.85347719268586,6.63708408746437,0,0
5.79283734448208,3.6370535411334,0,8.35611155148076,12.0272796689868,7.35840576717521,2.33904195530219,4.43238243147581,6.73594168526455,0,3.93646454162825
4.35321840943598,3.07352734957043,0,9.01275830025526,14.035638595513,6.22981238897281,5.44889435656636,4.66767108210878,1.35350804421549,0,0
3.39619844077505,0,0.740521591636834,7.15910433156363,13.3430925052961,1.96455165475809,0,0,0,0,0
4.86041169885343,3.76054551401624,0,8.41589008419977,10.7415707364965,3.87567721257732,1.39097019981868,1.637378642983,0.925602432947759,4.31501712534915,1.94338457069022
7.27686527448524,7.58902188785417,0,6.80412266780606,0.965975812009528,0,0,0.523110146112202,7.11199208813735,2.93607790033112,5.98365865595099
3.70510515863146,0.900660793154135,0,9.57630744185812,13.947602097134,4.95981675016982,2.58232918428393,11.4055101870976,11.0934915094278,0,0
1.74135925967283,1.4186079723722,0,8.5829130939467,11.2997231560147,2.58358785446134,2.26751072616424,5.30123722680923,7.35167478349693,0,1.29398083387756
4.19687394243028,0,0,7.31963565306836,8.67214082594397,2.41011110530863,2.25207222548791,7.99673557340561,6.95048644303352,0,2.4742817518934
3.64193416247676,0,0,8.51668353722918,10.8954706980933,0,1.98838004660336,2.55832730712908,0,0,0
4.68596902151805,5.27552043019085,0,9.18417178777052,13.0395284757677,5.88362865841333,0,1.22975523918243,4.35359576596567,0,0
2.63496857317082,0,0,8.74865829321798,8.26641226504347,7.40002969215258,7.03357125955403,8.31083133451131,4.84654703517288,0,6.36657862367178
5.31347643509734,8.23349082045399,5.42910532016882,0,0,0,0,1.47273494828067,0,0,0
4.94981247574939,3.69130779387191,0,8.59429480034349,11.5610989539723,6.52572072801407,0,0,0.843010226883403,0,3.2144725179027
7.22506446601721,8.20060851381505,4.063418461275,0,0,0,0,0,0,0,0
4.30206649198026,1.39488399188554,0,7.57919759654141,13.6927243956717,5.28907474364948,6.88512598325202,8.82780772425995,8.29887418082133,0,0
4.29894850428043,1.33200288014473,0,9.1962486224198,14.2326121635051,6.4633969430353,13.0869039806859,11.4475289124664,5.90887737245209,0,0.506874138855231
10.0061797304594,9.1127974820919,3.55212625840279,7.26201017380199,1.96173363957934,0,0,0,0,7.45758975358907,5.83460849708361
7.68805131493778,4.40568553255151,0,8.36660773082712,1.84288272635297,0,0,0,0,6.78036728306791,6.15265293617791
3.58944429836357,0,0,8.08029394638087,8.15127066865003,6.30164916537896,5.61489382167631,6.52704606150265,4.77048419981497,1.50042307120355,5.16219868206871
5.28510126632166,3.4613285253997,0,8.747060725593,14.980958999537,4.25359653699211,12.5885067880054,9.59284397497373,9.36047999670953,0,0
0.842806201069283,2.54723396829117,0,10.3102020293741,13.1640384310976,7.30359522701446,10.8995382871653,9.60065147192951,8.41582193942613,0,0
4.69218408256283,0,0,9.50361508491095,15.1348055075139,3.9284220465519,7.68252090796273,7.01864146163147,5.33596851096608,0,4.84407858624859
9.15279507544891,9.64931417087218,5.55827254069095,7.96797254407073,4.07145091208927,0,0,0,0,2.17629771080124,4.25966312975449
6.89266008807214,7.80440324962077,0,5.36265313442921,0.514444263168667,0,0,0,0.771185221225757,7.64113421577591,1.93087380181745
4.53900162026884,6.98391605163692,0,8.61336481739798,12.0775823597339,6.98199369052896,0.944976160767049,8.42151274224298,9.59958625738911,0,0
3.5072320205288,1.92298839991593,0,9.75943043683791,13.7740821735483,7.57772200014094,1.99495035747994,8.47692892868165,9.26446634566966,0,0
3.70899453827899,1.44615732039019,0,8.28526518886524,13.8387334917648,5.01749533163702,9.27258560950944,5.37502110221095,5.7555545630158,0,5.35538981171414
4.17006988862828,1.55551444982167,0,7.14771377486786,13.3926024478598,6.41345563789383,9.84426217240405,9.25395333426025,8.66309034110731,0,1.32448204758776
7.11903678112056,6.76688695135607,4.34386834247695,7.87043690254432,0,0,0,0,0,0.855918819949478,6.75582104728893
5.16439569639994,2.15435007702821,0,8.53812350681399,14.5721958881518,4.65628634804716,8.8797717813853,0,2.63793245883612,0,0
3.16726721100597,0,0,10.0481602201432,14.1489600463715,6.45819508285098,8.21252983846355,7.31800387146454,5.60573624644093,0,3.38249317065062
3.12090854417782,2.81690290588014,0,2.71065895001503,11.3263046039568,6.15601460177149,3.67717482943531,8.76912587279816,9.21954997490072,0,0
2.75808525644956,1.56037789072105,0,9.05980379848926,13.3577818551649,7.65007716497754,9.60116578781374,4.75564696166015,9.42520600595681,0,0
9.00483475008017,7.70575456119583,5.34926848189216,7.28286599387691,5.40181405544859,0,0,3.47375448534617,0,3.64367039498569,2.77800970355268
2.91496336842861,1.24147822554986,0,8.59325943862413,10.8667499452942,4.37700108586306,3.78217393230258,7.10754952469038,8.48369113275158,0,1.65898406089852
9.24152569997845,9.16987743728809,2.1601996692473,7.19414838194998,3.83529315529481,0,0,0,0,0,0
8.06023518943003,9.7739950257469,7.57059746540424,0,0,0,0,0,0,0,0
5.94384609310617,5.69885389961821,7.61689884184633,0,0,0,0,0,0,0,0
7.14601333060466,9.80675037680611,6.31893446158359,0,1.68645202823855,0,0,0,0,0,0
8.4213696378112,8.46051538504218,6.37949370720998,6.97690772371338,5.68009018479258,0,0,0,0,0.724003183160636,5.54978989200724
3.92409927520623,2.12666426951566,0,6.45985423857218,8.43441531923248,5.63720510351806,5.45662173355482,8.19783768246393,8.14665718344761,0,0
6.06648712927351,0,0,10.5280824314371,11.4035057865983,6.14808547264369,0.643112285454141,8.05827824828469,7.06590563765295,0,5.69369233002477
7.0510565453713,7.94144153936691,6.28815377927228,0,0,0,0,0,0,0,0
2.93059735367182,0,0,8.52950870964048,11.2582024521942,6.19457102051555,6.70105325993786,9.67231030740423,7.15674003161765,0,1.39766217287373
4.90236392864481,2.4824452746962,0,9.81406575199933,13.9763023390257,6.69587068655624,9.80174822861518,9.26198337115917,7.99756217874833,0,2.81487399117103
7.00112756167944,7.42682589589235,6.18980093051645,0,0,0,0,0,0,0,0
5.79842475197176,7.81846577961062,4.53413565505596,0,0,0,0,0,0,0,0.86795801212704
4.07643032138024,2.6975764073145,0,8.83640951043864,12.2185802522823,5.03729628067845,8.27335671493775,9.18791351784688,7.56272292762689,0,1.5088803779886
6.14718802539951,4.67051687178617,0,8.10262348234101,11.3866750804896,8.76402942139863,0,0.90545494653355,1.15272912954399,0,6.29763267242609
8.60904389389747,6.39063995952724,0.587747212329333,9.98035141037559,9.29480745770931,5.6807987417166,5.64894435883781,0,0,3.01191710440539,6.48151648610519
8.89128505853772,9.08326385147939,7.67905767049281,0,0,0,0,0,0,0,0
4.02228310412517,2.07041774086268,0,9.57057754102735,11.9698590485878,6.72406698220456,0,7.53196881662387,4.5455302199622,0,6.42645624142966
3.55639311206279,1.8083431568461,0,8.28947778374152,14.9149248586063,6.72703097164397,11.6019830695803,10.8941149075855,8.57724370199374,0,0
4.2901466115862,3.70702701190084,0,9.02925000796014,13.1004375821732,0,6.30551820818225,9.75356330997768,10.5077664664248,0,0
3.88895881826542,0,0,8.97784797573642,14.4593939599827,6.28119402078773,3.88105001923074,10.9712590293363,7.35042775328512,0,0
3.65685785271385,1.25082626691856,0,4.57963366391899,5.33556130856213,1.47295048389618,0,0,7.14144310426357,4.42932532255947,6.82966077718486
6.76458946921153,9.40062318694554,5.6154142493648,0,0,0,0,0,0,0,0
6.51590236977393,4.00895734327839,0,7.8154083891033,12.5796400559478,6.37148362152075,3.39834267953755,4.97391416605846,8.67462546494906,0,0
6.30164616214096,2.82084592386484,0,6.18087981328079,12.0106672502127,7.07924620682337,0,0,4.92567707996994,0,2.04720639453799
0,2.6403196602118,0,9.17941407847854,13.2951439315877,6.19585777639266,3.06164952595443,9.95124881054695,8.73000959370827,0,0
4.78250218874815,3.14977258009973,0,7.49017251530538,11.4262754816272,6.58721836853963,0,7.24602619696661,7.54476909107181,0,0
7.35096215956898,6.34112654845757,5.48123421353693,6.01524153200557,2.67238539567583,0,0,0,0,0,7.35567055697322
6.83933575181042,7.0222149751558,5.65234216975947,0,0,0,0,0,0,0,0.294959397378382
2.90938505234675,0.547705197971038,0,8.26338546838661,12.9823900619889,6.62219812237705,7.26687962966687,10.8593664081375,7.17939139036353,0,0
4.1761803282313,0,0,7.16618762470331,12.7016886000603,7.1394906908145,2.06203895676497,0,2.33877018578878,0,0
3.76246253436574,3.15204572223271,0,8.7537885145169,12.3638592448505,4.00762002118866,9.49537673638277,8.83347750406301,9.21473543083385,0,0
7.51995868596754,6.81637414685821,6.11985853689599,0,0,0,0,0,0,0,0
9.13290830142405,10.3840742888497,1.05793417995366,2.987241427925,7.06493648640708,0,0,0,0,0,5.91754474469933
3.67277695726818,2.70124243732974,0,8.11151098510234,9.56625416314943,7.34423293623639,0,0,3.44556638518548,0,5.82797739293898
4.44396290221402,1.48045861610045,0,8.17254835588131,13.3575429853224,5.64945754850176,10.5240828560581,6.59246491460137,7.43686544870196,0,2.59407904698977
5.97928990952348,2.56242452974161,1.9219343106145,8.18024804051454,10.4727539717654,5.8596211436539,1.31587533688522,1.00751008912606,2.8187928451174,1.54451036757387,1.61891607156519
3.72517213599152,0,0,6.23636183825101,11.1209404436451,6.06263910640245,0,0.712206932213853,1.0073329018534,0,1.68948590863504
6.64185107846529,9.69291316399809,4.59049890007561,0,0,0,0,0,0,0,0
4.76465086661941,2.43523645294012,0,8.86475522401744,12.8864607200124,4.40130853401038,9.80234553815753,10.5189576908228,7.71159128510613,0,4.57991440820517
4.81080021953215,3.18441343267088,0,6.67756846724538,11.5944645422712,6.25109713398148,0,0.682435298497055,7.08027864137699,0,0
3.79207740225661,3.02393792780229,0,8.75663967766789,14.8661037638529,6.52411573353021,11.1651286539168,9.86836303660877,8.15289971067808,0,2.62649110685394
4.02221228060661,2.66228624671482,0,7.36353720761799,13.4670267496348,6.62063795648687,0,8.11275745619698,0,0,5.84925308541854
5.16715950924139,5.44355988904618,0,8.82114497166445,15.4670336544411,5.90528456791115,11.7641867101602,9.21868374760706,2.12310853957814,0,1.27696683431404
6.96423476450917,5.46752416515849,0,1.73200668742557,0,0,0,0,0,2.887405317899,5.56928918448254
3.96100096356973,2.36698963778721,0,9.15372543932088,13.6257252574566,6.78646955359426,9.61834544734165,9.85954673251707,8.17130485170592,0,0
6.69063842651462,2.57446145136218,0,7.74755238462352,0,6.32341451294315,0,0,8.33014960932661,2.1996933792174,8.59156826708268
2.61301047384613,1.49423884147303,0,0,7.67399511295642,0,0,1.16060174570092,11.0264194527803,0,0
3.91367176232649,0,0,9.34868236423596,14.084134835524,7.73581599511663,6.19262956346163,8.85772283923001,10.3737378513356,0,4.34163526982754
8.21251558076398,8.11990401719467,3.44583679205836,3.87417428854824,2.12696636217825,0,0,0,0,0,8.35198721990584
4.82714997698118,0,0,9.07370805743159,12.6609781589634,0,8.5129100457174,9.0034423552135,10.4250926863985,0,0
9.40557725154749,10.1202315191784,2.33463416337476,5.43351746487065,2.51945867190481,0,0,0,0,7.13125202019645,0
8.01345533112796,8.82492083747569,2.97875895820574,6.83529215599284,0,0,0,0,0,0,0
4.15280383069149,1.69178005149139,0,4.76665846257324,10.719052432482,6.08941453389928,6.62560285718937,8.36218548209452,10.7686104602127,0,0
3.90402378218055,1.69966207995934,0,10.005385398493,13.6805031069645,1.8895848264725,7.2405474729294,9.47068804035019,2.86040729217551,0,5.11633258723564
4.75511764789948,1.6603735519475,0,8.46546375509875,11.483733361327,7.40028242690564,0,0,4.53518666252856,0.00906082267227326,5.13079049066991
5.30362417659819,9.37907838704662,6.62880716995927,0,0,0,0,1.21654165571217,0,0,0
8.30652374636779,8.4643641893751,9.00699296989268,8.1388459266353,0,1.35795752297725,0,1.02616309315379,0,0,2.16453765800307
8.67648888792786,8.34593866784909,0,6.78101248697201,0,7.35581525967128,0,0,0,6.51976918091704,7.52979083073558
8.02708847814723,9.26633815265804,5.64672903678239,2.64540309899378,0,6.51537186452511,0,1.73252743844088,0,4.92392196709485,4.85698309012008
9.36105471937672,9.85155471743215,5.92199482510182,4.63721046459953,5.8917052995323,0,0,0,0,0,7.68478861845309
4.60118578425536,1.39019049019088,0,9.23932910738256,14.0976884361912,6.97675112255757,12.2998536252736,10.4080539205075,6.51989473258589,0,5.37014070170805
7.54973830438521,8.19605208455856,0,5.98037243015201,0,0.902895152698902,0,0,0,4.60607766581881,4.98415768466542
3.99618801349432,3.23283537024072,0,8.53239590687196,13.7298796313343,6.10748669157988,10.6866930893461,10.380770627715,6.70497534994728,0,0
6.45166064080033,9.38228779572341,2.51088125741971,0,0,0,0,1.57393127164499,0,0,0
7.20873152841474,4.25450680833433,0,8.35721687846591,3.30876296584404,0,0,0,6.53866888135275,6.04802230170341,1.08175374804752
4.83587870414625,1.28524773581703,0,8.265135652937,10.3720618177583,6.32203122718864,0,0,5.05668117432939,0,4.00223406891646
3.35953277494421,1.3601449808295,0,8.26385410366913,11.2728013445418,0,0,1.8443948250619,2.27642030970049,0,0.526859864832137
3.34908776653353,1.59876959078433,0,8.54134830894472,13.4022292246778,5.40669039196867,12.0709549066483,9.57140247587932,5.06669012916697,0,0
3.96810484335565,0.655383022353042,0,9.78970303560369,10.4537137293469,6.26793882214271,2.16463713182046,8.80055436237402,3.76209430572899,0,6.48004771978329
9.2819028918486,6.74801425876907,0,7.02017868757232,0,0,0,0,0,4.54061067005674,7.89859272099369
8.22612568732946,10.9446278059805,8.7773091582086,10.2180243039938,0,0,0,0,0,4.72040635789876,0
4.42549582763994,1.80239240638701,0,1.86494578307843,11.5753834168665,4.48566152732712,6.96451838404181,6.33154839045794,1.83727077671875,0,0
9.8393948597651,9.12076002371447,4.43156258810196,3.16560125030063,0,0,0,0,0,0,0
7.90194572879696,9.65733560819526,5.10035397030612,6.66976805271017,0,3.90777125773541,0,0,0,0,8.10875404692089
3.30349424189444,6.81892991921077,0,6.47753141475649,12.0222249334709,6.55680361162059,8.78041340227194,7.69013305632842,0.908735995146346,0,0
5.51482174738634,8.38907337760834,8.47776830257406,0,0,0,0,0,0,0,0
6.87035008303489,0,0,6.6727797227043,11.6909489212674,6.19954589012181,0,0,0.699210278557471,0,5.85681167612532
3.91362391687283,2.59452013714243,1.92085887194331,8.14941605340685,13.1851986381696,5.46051679160587,0,0.677737830131939,1.7369687251572,0,4.69515076446956
7.03886393948372,6.79919872091734,1.59498820703203,8.82413613750148,2.03453095036155,0,0,0,0,0,3.40860020386129
4.09643741444448,1.77459935573376,0,7.57894478522938,13.3291874161684,7.23138316324389,8.61276638946616,10.4922312850409,9.91501649828232,3.57368285812416,0
6.1996936028679,1.29651873140184,0,8.7738793419673,14.0239443647841,6.83821356574289,5.41415017987288,1.20356283923048,0,0,3.52859097849163
7.82862223337357,5.21332142432841,0,9.25629135429466,0,0,0,0,0.976843258135135,4.30410337042168,1.58093471861528
3.36826241556171,1.77153715492664,0,10.3229149673388,12.8970396071711,1.4597950175937,11.0690542573146,9.79239541905251,4.21749461863414,0,0
4.84192447575978,3.58126377258719,0,9.72326060976675,13.3517330133273,4.85195526754983,7.50928433342618,9.1205252603853,7.75680392587505,0,0
6.93915951351986,7.75626306467815,0,5.89978482071585,0,0.33533580669713,0,0,7.95874225828166,5.49880249881401,7.8198832994714
6.66184485164593,10.1876713308276,4.67250214405254,0,0,0,0,0,0,0,0
1.50626614117596,0,0,6.25236619082857,13.7779732856109,2.5229920348368,11.5195860935559,10.6510074252302,8.31538201500446,0,0
1.06716417145293,7.50020558180867,0,6.92964788403594,11.7503650771629,1.34744789371763,7.95635461754057,9.68837113384839,0.0795149662626993,0,0
4.41198760875728,2.55717445092195,0,8.77169278205539,12.1389582009185,6.20962111099925,0,6.62674329336094,0,0,3.49789413976153
8.08421552032592,9.36022741077285,2.03487051622664,0,0,0,0,1.82658644264981,0,6.92418165335571,6.57908386484908
4.75612211349577,0.170458739628458,0,7.50175112729823,9.64983452256619,7.3193065628929,0,2.30669340822012,0,0,1.62137940115098
4.4776644320981,1.49471944812894,0,7.79157804381323,14.7851093293357,5.82588373839828,9.58439315002202,7.25587880698873,8.24340551329142,0,0
4.50086398279495,0,0,8.58037277035084,13.9140822184129,7.46905955117116,9.64047723123867,10.5342489345142,7.9894373556571,0,1.13749468762612
5.2803472403435,2.39191710072142,0,2.83532766910959,9.11408342744726,6.27960107378387,7.01459875656182,7.76426629317651,1.68636005546497,0,4.46312061131983
3.09182232512925,2.65673097364577,0,6.54366894793861,13.0965630833498,5.8349730322065,0,7.04143471755533,10.9964002225586,0,0
3.29849449456457,0,0,7.96609250337151,13.0891106525995,6.46540260497196,10.0411429832396,8.40679897422733,7.8554621106787,0,2.71958009017524
4.24472049793482,2.68909189359627,0,6.13618755302996,13.4992126686206,6.19969479110893,0.334803676875105,3.65905776057806,2.00987217480756,0,3.08974435985617
4.4390489043521,4.01912262687088,0,9.41792286142643,13.7437161384768,6.75722908790348,8.91611166344718,9.79865592246224,8.59033874357072,0,0
4.47573955918618,4.25423906943088,0,7.64109951822684,11.9624928155829,5.91902139477568,0,0,1.14901913622168,0,4.55773126114189
5.473932808892,2.69150230952608,0.88291705883683,7.69613572074062,10.7722345611351,7.05232074627103,6.02833421571304,0,0,0,2.46395586016458
2.97177138015404,0,0,5.2210469923702,10.0599173841099,7.25436108220625,6.52579702523629,6.90517408188668,6.782289480134,0,5.94901973381884
8.14368168906622,6.5204381805306,8.72687262275418,7.64188815437339,3.41578365488196,0,0,0,0,0,0.893138024629405
4.8292049704686,1.22788117574928,0,8.46926896560408,11.3131167640005,6.15422536436183,8.26300376859465,11.3133452347566,5.86449994555092,0,0
6.48822074935303,1.78707730662003,0,7.71455799973616,11.3826481999559,5.2341260372168,0,1.37105920876774,0,0,5.3114500754831
2.70718313226789,1.23055195469175,0,7.94863208190224,13.9988665537015,7.41916575001549,10.3127482648552,8.50473756717218,7.05941838026996,0,0
4.3611366799858,2.29329216775322,0,7.59623161449215,11.383882703816,5.46786711708088,0,0,4.41331200852943,4.88815588470665,3.63414112203254
2.42982698886109,1.27313128117538,0,9.04423528375907,12.3445644847143,2.8693856491937,7.27855756662395,6.23317732499814,8.45570638960223,0,0
3.96664056757371,2.68164447178408,0,7.60228873089893,14.8225705144041,2.90795019715328,11.6397542931296,9.15622075101632,6.07551630248849,0,0.969161844343561
3.00791070684822,1.75388460731198,0,8.11007998328886,14.2948991744326,7.52205594795641,10.6489795359253,9.12862975270877,8.31267322732429,0,0
2.37809551520142,1.9443204206732,0,9.06153932617754,14.6233166826687,4.20114730448198,11.5182850367181,11.7508701932109,6.41919551502686,0,5.69905872164286
6.68225054269072,8.59637933988936,5.08331985191277,0,0,0,0,0,2.3210751251944,0,1.95952639418621
3.46489261480396,1.57585468697994,0,6.41245335931607,9.53443857721594,3.49943210069364,0,1.57666676440137,0,0,0
2.67296362894948,4.1424952710266,0,8.5266740597625,10.653466507972,7.38268376814594,0,1.23986195170795,7.30814781100108,0,2.3974511898299
2.05800287584609,1.00971726674318,0,0.112028200872968,10.4643985701607,6.72500773149413,2.57163913286463,6.77690881769122,0,0,1.53572315702425
5.00500965020217,0,0,7.29170484844678,13.6958949167478,4.89759169559452,0,5.02231844824688,1.65817013605431,0,1.14790991090173
5.78074140558779,1.57783626227609,0,7.54951449664014,14.6930541193988,5.53601745052691,8.07754504609859,10.6038023568143,8.69817218762136,0,4.99185262693489
7.59261265352235,9.97308472817589,2.7018287936832,0,0,0,0,0,0,0,0
4.63366481112098,1.75450990000955,0,8.79331531856471,12.0450202668678,5.97904930527896,5.11612214888535,0,0,0,0
7.70852538390304,2.83368362981563,0,7.00297151176125,0,5.62259055415519,0,5.90896819884428,0,6.59994795362407,6.65571989018936
3.5120820551388,3.1644829357144,0,8.83736678878827,13.726121033468,2.93519659690112,1.91444911431743,11.1809074555093,8.74589533092263,0,1.36275227346217
2.77834933940214,2.48263776590669,0,8.70483644166541,12.9992298675507,5.95915373264915,8.25542633139392,11.2959035248998,7.87304271805617,0,1.60126731940244
4.17615165977003,0,0,7.43455120455328,14.053862498467,5.03529149862733,11.3408163275687,10.2012466415243,8.85731485430988,0,0
3.72608760208237,1.21773969076356,0,6.42645110681241,14.3126691225063,7.28706418578,10.2232393788939,11.5269483197326,9.62682184527729,0,0
3.64431201568519,0,0,5.592350246738,11.5667954976429,0,10.1531118400719,6.52800213161157,10.8252384230255,0,2.37695769530192
0,1.82256762768606,0,8.84749024400053,13.3434136165146,5.81730209929239,6.81044899538607,2.05030179738531,6.13030094410617,0,0
8.4398457454525,7.83693542604347,4.24993118550571,8.06035153028785,3.25877987094615,0,0,0,0,0,4.12663104599582
3.96531670906728,2.52609203305813,0,10.1200912381995,14.9863360204859,7.72023080966524,13.5083614784332,10.3806923054754,9.82554769506346,0,3.93115949274858
8.40244256685477,10.0191223203998,0.761794812201887,9.86176922075913,0,0,0,0,0,3.53858420915369,5.08863969760569
3.28548637477594,0,0,10.2733087567889,14.0092848939843,7.78275702177733,8.79358765116746,6.02934158474819,7.05459949323911,0,5.13988665685013
5.91068670474797,2.12437972982192,0,8.09050832856759,15.5999967889188,6.082843275503,6.45360239951238,5.32263990536323,2.68548764862541,0,4.42958587004324
1.84428090996717,2.29678842648503,0,7.51381336150913,15.0598933794486,4.37662631695397,7.88886078407855,9.59382487544083,9.97561039155719,0,0
10.2007257116352,8.9408847211778,4.7260194350557,4.69548734168922,0,0,0,0,0,0,5.17678820348728
6.91633546211583,8.59400311913519,5.5425912419521,0,0,0,0,0,0,0,0
4.38789421714943,0,0,8.84522195392283,13.194962600059,5.12801055604986,10.7607064288531,11.0602700585991,8.88531611148352,0,2.4123595041467
6.823516093206,3.53920827354099,0,9.07614859387544,13.4015243746424,2.85253761088719,3.88992310014593,0,0,0,0
8.40722449550009,8.86411860201793,5.19407570028795,1.7384308238506,4.79512058469609,0,0,0,0,0,6.66670242568207
4.77291209132367,0,0,4.91052351416957,12.1649116084656,6.55765187982085,7.99830083179541,6.64213856133934,8.60543053590468,0,0
2.97197822296154,0.512821132793247,0,6.6636245206527,11.5759013547458,6.3646156347317,10.371517693815,6.01819754254473,7.68250594913047,0,0
7.19058669004491,5.92282019849895,0,8.88350725947719,13.0822702754121,5.32002613880782,0,2.60657610655001,0,0,4.64404720271428
2.50362290948456,5.05627126875093,0,7.13147999686445,10.7580857392409,4.15246136011789,0,3.76492253872328,8.6364482640219,0,0
4.95186210936469,2.15889916371395,0,7.44136009017816,13.1019644994421,6.91866940469599,0.926044939239336,1.53637648719132,0.505819051788804,0.80800678593924,0
6.33006149159115,1.08199712286351,0,7.60752812121603,12.372460395882,3.86465814186154,0,2.4444280602697,5.2613209452308,0,6.57573596964099
10.3389569811118,7.74521392026948,0,10.7048234897983,1.66245487235724,1.01966493720441,0,0,0,0,6.6020166657083
4.76563000710413,0,0,8.59157766193457,12.317877933244,0.394971339797073,6.45708960252732,7.94979041048897,9.48478152869726,0,0
6.08650736681464,9.87450713613061,3.25514111979984,9.78359483028161,6.17006546263463,0,0,0,2.38097441484394,0,0
1.58969580047586,2.50840971371924,0,9.12090136213572,9.59441675861213,5.47821504930863,6.67892391281558,0,6.52730144506057,0,4.87630070536436
8.53548539426176,9.08673333941766,0.294969796088473,7.97297846769641,2.05911696300635,0,0,0,0,0,3.23544469630791
7.75912127831144,8.73910707649768,7.64282109176657,0,0,0,0,1.88648091055054,0,0,0
4.09770087371431,0.966671550970683,0,8.25031134484896,12.8333828840188,0,9.01222723320506,9.75271476088758,0,0,1.31935033685218
2.71078911145943,1.64236230786336,0,8.56163210431317,11.9349004890524,4.67732454821677,11.9739705995255,11.4242086252048,5.29519406650678,0,5.66467555196742
3.30380640970751,0,0,8.54436409945195,11.6066578210678,6.99856818841601,3.49809247403926,1.47135557641903,1.24397334404379,0,0
4.22592746427067,3.3109118953309,0,8.52854056191478,14.985578103638,6.65540692949253,9.27841065841114,9.06098802983485,2.65303452410344,0,5.08098313479262
2.25701784956402,1.14606790818687,0,8.98756562660998,14.075572321292,8.06292511818508,10.6783663940789,6.42936621557913,0.567849393270246,0,7.79066123491167
3.00892756868235,0,0,9.57578789998237,13.0587553626106,8.25255232219856,6.16918267883178,8.73543650491264,8.35256771026208,0,2.68107425371528
5.10878110468575,2.05135448192864,0,8.15641142207437,13.4989323481248,3.67626214101231,0,5.03586104659382,6.63648639289682,0,0.119337279765829
8.23389791495888,10.0760294922542,2.07910021755159,7.64512713787265,0,4.81102410317233,0,0,3.53304302413615,5.55307928884629,6.33509214425306
3.56166159007863,1.73729040363356,0,10.0815876450929,14.9960546715136,6.62303401242151,10.0803339200755,9.62650485563593,8.33812148087357,0,1.1599362539099
8.738676292889,9.17850362154679,1.38323920529297,6.04738847134749,0,5.55825225769688,0,0,0,0,0
5.44426857056801,1.22980335105687,0,7.83861537734954,14.1688614114062,7.42050345506587,0,1.2479336599264,4.84755007091288,0,2.70212391684707
6.55063177551279,1.25339573075262,0,8.9049350438921,12.880166080684,7.33785767210592,7.25550654366638,5.99166055634274,5.30840755169854,0,2.31332504973456
1.6876226311339,0.0195219412852438,0,8.82726199011631,12.1313889900997,8.20016876989222,8.76642765907519,7.37745076061818,7.64760770181885,0,0
3.74386236114122,1.0340496275939,1.95279070858711,7.98478659818604,12.5447415010119,6.18358646357807,0,2.58900764795361,3.9021657110264,0,5.00743110477717
6.59183897172726,8.47617623423508,4.13270190404685,0,0,0,0,0,0,0,0
7.55480293820653,6.8509199981769,2.45863290679228,9.17690314801111,0,0,0,0,0,3.29586715571184,7.2518933033752
8.43141678769931,10.2406931975533,0,7.87107659790782,0.674246769054304,0,0,0,0,2.81490275112037,6.64230563018072
4.90804034928319,2.08888772017405,0.30845641049759,7.94298602297894,12.9905756143163,7.48259204722534,0,0.684382782645135,4.87623858968428,0,2.43480119460908
4.07391261178688,1.6721794833935,0,8.7359995540058,14.3753816212635,6.50328679569722,5.72649022012228,5.93701911515976,0,0,3.1976192372422
7.49130384028777,6.89448982087817,0,7.74121619067461,0,1.20753001598566,5.43299220083008,2.05999318584868,0,3.26525039170734,4.93858230414075
5.27703728184695,8.41199845348397,6.95057007162084,0,0,0,0,0.815408160395161,0,0,0
7.87697809199937,4.26711784554967,0,6.93926842906791,2.04090119544487,0,0.584425055606573,0,3.0093019529085,7.1263477873025,0
9.07226443243222,7.12887374274731,10.024364154209,7.05995901735494,3.18570889675857,0,0,0,0,0,0
4.63078992744231,3.19432154224914,0,5.75524847476935,5.04785813252866,4.66433884032876,0,9.18771155011645,6.8036216888282,0,0
1.19925068434396,0,0,9.0480359638883,13.6577882878719,0,11.7432539286075,10.0316272033155,9.58364305465392,0,0.501204680146261
6.51689273768251,9.49376626485433,6.44161584643946,0,0,0,0,0,0,0,0
3.88456493024392,0,0,9.75147555356813,14.5566714932069,8.11224094748383,10.0120390608364,9.88073618499318,7.55268619033722,0,9.26569978329423
6.90642347863808,7.61324930981018,3.09760477956306,0,0,0,0,1.03003978492061,0,0,0
4.55691130241384,1.77241426402405,0,8.59555603216856,13.4048714279294,6.65037766689024,2.32286947389103,0.237581219673397,4.0300221340373,0,3.38793417203527
2.67631656401729,0,0,8.93699111749079,11.40739048146,7.36844759142633,8.63496515996635,9.32211880158831,5.6848941784765,0,0
3.75422463911502,0.970430565797513,0,8.40287215734593,11.7507949187189,7.4961260494384,3.06836699965307,9.74432034184008,5.36408252440952,0,3.26875562160799
4.85886782521464,0.853439466650082,0,7.19813626864144,12.5578082626072,6.30015590713133,1.05945055702307,0,0,0,5.64969999539638
3.28654667843159,0,0,8.17870845430899,13.0334791383933,8.01112606293814,3.15536271646394,8.36751443761888,3.02408638831176,0.334337278984015,8.02343856973011
7.04401987047396,3.24269951016282,0,9.09860735530231,6.12453932566554,5.21753846750293,0,0,3.44174746195424,6.38432085519707,5.71856041187142
4.28166000916055,1.40140802322104,0,8.47336988063323,13.5980576418693,6.50174403280629,0,5.59981125700201,0,0,1.43119489037882
5.22405468823655,8.70042420881067,4.98128823769899,0,0,0,0,0,0,0,0
2.51482456762214,2.05115780408439,0,7.64950083368681,12.8936950373196,4.7365828971918,11.1580685551168,9.87713155849161,7.4870071362614,0,1.54365771041952
5.15434447128097,3.032863228988,0,7.74261562464156,12.8443303907744,5.2749190797355,3.07025103055205,3.65586594209254,1.07294121177418,0,2.50499123336689
7.77026717951397,4.0446736331716,1.05288759671757,7.42549870464488,6.91612729143347,5.47503506790127,0,0,4.42655887927183,5.29201144101153,6.26863399619394
2.73006308665299,0,0,8.82759149450174,8.71122338683065,7.58754917208359,5.94958406524038,7.11008113222104,4.28692945999196,0,0
6.29156161530913,9.15974617582068,0,9.96019719889158,9.07728308071452,2.35772748420956,0,1.4607501726282,1.44981333053191,4.6122174207472,3.94713831475835
3.66693420798034,3.27719801972094,0,8.37807436029778,14.1660088332811,1.90568632843203,13.05122924107,10.40568277445,5.27370386411343,0,3.49077206041637
6.03031556884405,1.51168640855294,0,7.96552773788388,10.1311245231245,4.84752895766513,0,4.58390254253435,4.0165129665256,0,6.91826947281421
5.54993343011611,2.87440747863306,0,6.77551712270399,11.1249394217569,5.83018045510658,1.10551632112625,0,1.86321364797426,5.24515195678641,5.36895959665713
7.14378026296776,9.34731146806118,4.47457366300821,0,0,0,0,0,0,0,0
4.28530168130289,2.459326384666,0,9.75159523400024,14.6638758353256,7.25490886734162,12.4384331282773,7.45382758882964,8.39012488944606,0,0
7.48775503122529,9.56524007297244,6.35053897541239,7.16382531874746,0,3.79309899528154,0,0,0,5.17791232013874,7.17194982013611
7.25493877658326,8.62796470681096,4.59082532034921,0,0,0,0,0.557360188682695,0,0,0
4.88194817605757,3.67286116555758,0,7.40591093536928,12.0204933308184,5.9824114618054,7.77021095244595,4.16215020534118,0,0,2.16346857145891
4.5786130932702,0,0,10.1623037141321,12.7701760089402,7.36346749117768,10.4916447846187,8.81073565626651,6.70458153450775,0,5.3293864787669
4.1703078268229,0,0,9.05245912955034,13.0132244091931,5.70769898414192,0,6.1508673126026,9.70774860360297,0,6.59537551346799
7.6024722303813,5.20440074277654,0,7.38351526438897,9.94974337242537,3.53804801455206,1.95126287831685,4.98718122634359,2.15376104662552,0,2.1382399311679
4.39421936804713,3.30028859193183,0,9.59496186623205,14.7759885548167,7.74880514774686,11.949795942682,9.67414696601118,6.01117384782747,0,1.58218293457991
4.46011532044917,0,0,0,8.33779979675761,4.57908717637655,4.02308023518884,4.03904647615341,0,0,1.3475599147771
4.95416323421598,0,0,9.02486426885902,11.8193076463009,8.204563469968,3.32662677924899,5.6129262246202,0,0,1.26829440403945
4.35408210656605,3.00834168301651,0,8.12200468593252,14.7399884411883,7.23729525313052,10.7494134678237,9.53860682550967,8.01245729216142,0,0
5.23841572533313,2.47089416291693,0,9.46243358135868,11.7757560502209,7.01150840092219,0,1.01150789468105,1.7977246438844,0,5.34166463381385
9.16317078493345,0.795197632634539,0,6.64035854032426,1.2928919043335,0,0,1.66868733646339,0,7.01761366162382,4.12657279687781
6.94293293092053,7.83204603908283,4.19531904580527,0,0,0,0,0.645943936175368,0,0,0
7.83822828375662,7.48165933635839,3.40700097681652,3.05798909883306,0,0,0,0,1.0276307458392,0,6.25856328581831
2.36222395585226,1.41028154647596,0,8.85528957906098,12.97722082573,6.36453375039341,8.2710973863331,8.40574058116559,8.37359736577743,0,7.88035756524545
4.38413273261931,0,1.32604906199976,8.56657341591143,15.0132715439766,4.51731801890568,11.9753900568206,7.8191837526272,7.44349513422858,0,0
7.1425037340574,10.2785929964418,1.01593885432427,7.61441336061742,0,1.23432536552216,0,0,0,4.33478715164578,4.04382296766098
1.6728582473475,0,0,8.04948388746002,14.0264253952233,0,6.92165648759441,11.4217718762444,10.3105923305848,0,0
7.35526145979417,5.9911113925519,0,8.39081652263198,0,4.6867697489711,0,0,0,2.60184146060985,3.16414508438921
6.1842367530709,8.88516222932104,7.26963320140729,0,0,0,0,0,0,0,0
6.28658543704406,8.81122649215463,6.45134802876654,0,0,0,0,0,0,0,0
0,0,0,8.77969437307616,14.4280652855005,1.63424673544645,9.29062419679033,7.03036068957681,5.57257137942956,0,3.9037628892717
5.84039302713847,9.13093580122311,5.8105027304558,0,0,0,0,1.41201039330271,0,0,0
6.5157572381775,8.72222587915621,3.02911295153675,0,0,0,0,0,0,0,0
3.95226038721363,3.07296643504384,0,7.03948748559979,14.2262796281007,6.22049952104281,9.355791031948,10.9255273393512,6.88665005587774,0,0.895346608739193
4.01112131400802,3.00139744261608,0,9.66219205056911,13.6094065971653,4.0173616126482,10.1037747228305,6.71428252962928,7.98178572754245,0,0
9.48181068057153,10.2010802561878,0,8.12353797287452,0,0,0,0,0,0,0
3.5327574518993,2.35387166778827,0,7.89093046485583,12.9011712868995,7.84102671773093,3.76848919759577,2.12687849351054,5.41846649463659,0,0.649897474305709
4.56469427661181,2.10089661032085,4.21366981937717,9.2534789080599,12.0516205437125,7.46945817270973,0,8.84372181515102,0.970694169942041,0,0
1.31581121431444,0,0,7.34759223047232,11.5972662493965,4.15068407314537,7.71225233456751,1.42736119615529,0,0,0
6.98996199584388,8.65255256122881,7.14300756981772,0,0,0,0,0,0,0,0
7.67530654694975,9.02924166584087,5.11531917172681,5.78002048053853,6.56407890133653,0,0,0,0,2.48765942679752,3.92703647935662
5.54688931923036,2.01656034908046,0,8.60885132930716,13.1245605128731,5.27956031371802,6.68375216656071,1.05526178845822,2.96377572372933,0,1.44508146782023
8.04650480637692,5.4046801758857,0,2.29855874977628,9.94669044087567,0,0,3.30602419474968,10.5164783110801,0,0
6.89851939059703,4.65694227354809,0,7.45982726463816,11.7992340406326,5.37779862164283,0,2.27870920804696,1.11147889385506,0,3.16587729895777
6.52844157101193,5.34133210933864,0,9.65502080632138,13.777409865624,7.22180981176284,2.08199768275013,5.91618549467133,4.06998774661831,0,4.87625001128616
8.51237007560734,7.92788199678502,6.54847450061055,8.70591887615769,1.51993605514707,0,0,0,0,0,1.27645145625816
6.42046818692139,10.4146549846262,5.91744640277129,0,0,0,0,0,0,0,0
0.28268121086726,0,0,8.56844575104675,13.8793818126366,7.44029317623109,6.03976704278352,7.95633192423761,8.94892291101067,0,0
4.42484517832355,6.87205953493147,0,7.85485386169236,13.385056170075,6.29780669229963,0,2.13493885343788,5.9998607031288,0,0.131262763862297
5.24369406003575,1.33245083908037,0,9.66253075088115,13.700623926163,9.24087079983262,5.29967674554812,7.73641816207806,6.79542730540993,0,0
5.91080614588727,6.81912597790207,5.04864093849064,0,0,0,0,0,0,0,0
6.77112681104079,9.07218725022638,5.25439440424165,0,0,0,0,0,0,0,0
4.76227650404698,2.33609837472062,0,8.62004996647622,13.4247519169778,6.14541162544077,6.15433188801209,9.69235480662156,7.37961626271661,0,0
5.78379138338803,3.63621418863297,0,7.67699226322971,13.5077116150126,2.39993609860927,10.9896503973949,7.5573505581972,8.48423723008823,0,0
2.74806831540007,0,0,6.81998717956552,12.8358095687916,6.16891161037714,2.35146591164865,6.83585574375434,8.83093803281795,0,0
8.22008684166537,2.18445802304057,0,7.3444508966053,7.8277788211227,0,0,0,0,6.31156449115397,5.53048773352805
3.2678579341403,2.08169220298753,0,7.64239116255505,12.8491859887021,5.62485526470148,0,5.41357429680652,4.08283171672952,0,1.55227341852655
8.38509239063,9.00025230045233,6.24251771618131,0,0,0,0,0,0,0,0
5.35691981102027,8.3932258209632,4.6884760255766,0,0,0,0,0,0,0,0
3.3022180512578,0,0,6.98776661241825,9.57478459708395,5.68070812780858,7.97852526969555,7.11836179324516,8.26334072763596,0,0
7.15007277386909,9.24053093801829,7.05992072380885,0,0,0,0,0,0,0,0
6.25698152615987,10.5267544375408,6.24461852759049,0,0,0,0,0,0,0,0
3.75638522053424,1.76179375464984,0,8.45269329441737,14.6236914833757,5.29776902738618,10.9122631375101,4.25613854514026,8.45003010485362,0,0
5.81718108486304,2.31932970350126,0,7.78680247547918,12.9049396417751,0.474762060177447,10.527022030869,11.3950199001634,9.88692066387955,0,0
3.16833980634474,3.43177939524046,0,7.6706146172708,11.2556634662573,6.54012378234547,0,1.10042077315783,6.86001580496692,0,4.30241211599195
2.55763207681108,0,0,3.38109122670753,7.3837023572139,6.40901628827637,5.2284625282262,5.36930164334925,7.94733913700274,0,0
7.63996248663324,7.82565172668179,5.36073242587466,0,0,0,0,0.376129142991702,0,0,0
3.14691097043601,1.66807065617998,0,9.07812314364484,14.5720609845834,6.25902380455334,9.82223125424196,7.29338344282762,1.02880930139457,0,4.5705692491069
3.68243646123877,0,0,8.00479993792562,14.2595330927173,7.43722066950441,8.98717664976179,9.0620912072313,6.09344843085031,0,0
7.14270120489618,9.06851003848169,5.74446886941645,0,4.1210497821851,0,0,1.0817180872769,0,0,0
5.8025468626076,3.49872011850647,0,7.82714859636077,10.9448877485824,4.06543518653604,0,1.24038149797075,2.32843124057454,0,0
7.56603751598776,5.85866816904775,4.24265448344219,6.66419614009396,0,0,0,0,0,0,3.46263331308144
4.23379305644612,3.92231889788318,0,7.68304144203241,10.0210256374334,5.21150098065357,0,1.15340134108456,1.06023605039104,0,3.96625253500073
3.21077118972334,1.19216528072187,0,9.38441445695988,13.7523482820678,6.5901093521973,9.06737388837367,8.91749416470086,9.13154827769578,0,0
8.20936171417426,8.26156336866762,3.39038441230106,5.42994175889408,1.20511752264623,9.64717920508225,0,0,0,4.12240443188128,6.2279891863731
4.58831094730834,0,0,9.29040267249852,13.208998219606,8.94498719706932,7.9146163970727,8.36257560911555,8.86109535994646,0,0
6.47742193263863,8.69759191114876,7.26356259028186,0,0,0,0,0,0,0,0
4.64333442735677,2.84083056037932,0,8.13386705944431,12.0690055216983,4.27771463935794,4.76586840476466,4.70563522698001,3.91643662740834,0,4.1465883029864
5.19094003830684,6.93178813728035,0,8.14998584826789,13.3576682136844,6.94738844487269,6.45292561391099,0.693633519579333,9.54289270446717,0,4.80552947317083
4.06755980254179,1.01716021518545,0,8.61147894678123,13.158071478978,6.18023786995828,0,1.08114353283166,0.288283844986882,0,1.89039186815575
3.06767231379804,0,0,0,11.2588924907511,5.17300443642553,5.18793698615713,1.95187756252422,0,0,0
5.12486301986462,4.96203359126138,0,7.79624112725263,9.38028230336403,0,0,1.73964096960229,10.3639904901746,0,1.571427366979
4.48209841851914,2.78614251380648,0,7.63923365077386,13.2636777022379,3.40402634410119,7.82064454779169,5.58108308237767,7.88164490104707,0,2.92939904386772
5.81029371606812,4.20909244231767,0,8.36118837421104,12.5543210089213,1.62203626787665,9.23384802626742,10.9073683712303,7.47567614933951,0,7.26200105567575
4.31302542804767,1.36584938009092,0,7.85943065111292,14.1166721529041,6.59502549426145,9.88412923564701,9.74182799059829,8.78258509166392,0,4.40340070814847
4.15004972865081,1.96907842463859,0,6.91164841183412,14.1148459384786,7.80389594313886,10.9130004775519,7.89695285616197,0,0,3.5641389662127
1.33196813619371,0,0,6.85669763690146,9.24267402339424,5.7254805907491,3.77961479245721,5.29377702486492,4.12173961037231,0,0
6.30472581675858,4.54420947079521,0,8.63485695649821,12.0415163911756,4.71285519362986,0,1.01165556611862,1.19963950070143,0,4.33617581497557
4.13179478960347,1.46362234720891,0,8.30562371991907,13.8781066616393,5.58194919328794,10.3006717303814,9.12790598435482,4.78280658606477,0,2.90037618741511
7.97260405714604,6.87616673165526,1.32713722094689,3.51195900482758,4.96583140465644,0,0,2.79574756923204,0,0,0
4.73497790517497,5.22925683250878,0,6.87234211280009,9.80382545683914,6.28240326339312,0,0,7.86147485123905,0,1.10094889577585
4.57115901405527,1.32594743053038,0,9.20800390894246,15.1259916043053,4.6350459360102,11.0482699238354,10.3555446597872,6.31374926224738,0,0
5.2017551400985,2.7026582077988,0,8.33476654839519,12.6173008365916,7.34796476950585,6.49734196896255,8.55844255968942,4.62387522990187,0,3.56255992736714
9.22465142352458,9.65491256645251,2.44937860564819,8.33446090436,0,0,0,0,0,0,7.8078449859835
2.56866927675095,1.38357596588561,0,8.87654577750284,12.850177382406,2.68382471086462,8.37146077430471,4.33322962663797,5.16872590759208,0,0.881430893653235
3.6135075690496,2.427283168647,0,7.32840700999232,12.9937537892479,7.40388034054707,10.7049138174843,10.5724419658633,2.57742958311905,0,0
8.25491032425539,3.44649151336762,0,4.611098343165,0,0,0,0,1.73299698203331,5.73735493678678,6.86502437325913
7.31431054344984,8.75719846060224,3.64029336561302,0,0,0,0,0,0,0,0
4.36382329284317,4.50133210377964,0,8.99851308151265,11.5969342140314,5.22364527698523,0,2.92116902931961,4.02451750775738,0,5.83680617995163
